{"cameraMode":{"drawMode":0,"name":"Shaded","section":"Shading Mode"},"sceneLighting":false,"audioPlay":false,"sceneViewState":{"showFog":false,"showMaterialUpdate":false,"showSkybox":true,"showFlares":false,"showImageEffects":false,"showParticleSystems":false},"in2DMode":false,"pivot":{"x":16.846145629882814,"y":10.901562690734864,"z":-22.2255859375},"rotation":{"x":0.2856941521167755,"y":-0.3910996913909912,"z":0.12912814319133759,"w":0.8653014898300171},"size":38.56492614746094,"orthographic":true}